Start Time,Duration,Run ID,Name,Source Type,Source Name,User,Status,Perplexity,coherence_u_mass,n_comp,Правдоподобие
2024-01-12 19:02:26,221ms,15ae50a1a9d5451c8234e8f22f66c956,result_images,LOCAL,modules\1_step - Choose vectorizer.py,Lev,FINISHED,,,,
2024-01-12 18:57:30,4.9min,1b79ab1655354ec4aeffa23d7b22c8bd,./data/phrases_prep_2.csv_CountVectorizer_2_147,LOCAL,modules\1_step - Choose vectorizer.py,Lev,FINISHED,10052.361,-17.261,147,-22174229.195
2024-01-12 18:52:36,4.9min,099e7a5bec5647afb9751386fd3f1399,./data/phrases_prep_2.csv_CountVectorizer_2_144,LOCAL,modules\1_step - Choose vectorizer.py,Lev,FINISHED,9866.294,-17.654,144,-22129274.176
2024-01-12 18:47:43,4.9min,85e2b05ce4ae4303b98b27f1dddd6321,./data/phrases_prep_2.csv_CountVectorizer_2_141,LOCAL,modules\1_step - Choose vectorizer.py,Lev,FINISHED,9586.756,-17.415,141,-22060116.615
2024-01-12 18:42:55,4.8min,877730ce72324a6298a1b3728255a1ae,./data/phrases_prep_2.csv_CountVectorizer_2_138,LOCAL,modules\1_step - Choose vectorizer.py,Lev,FINISHED,9375.192,-17.593,138,-22006421.532
2024-01-12 18:38:07,4.8min,7ff058b78a11443997a2fda5b6c177b9,./data/phrases_prep_2.csv_CountVectorizer_2_135,LOCAL,modules\1_step - Choose vectorizer.py,Lev,FINISHED,9260.748,-17.477,135,-21976868.542
2024-01-12 18:33:22,4.7min,2712cf28aa034ef79c6b0b1a03561923,./data/phrases_prep_2.csv_CountVectorizer_2_132,LOCAL,modules\1_step - Choose vectorizer.py,Lev,FINISHED,8962.743,-17.368,132,-21898166.19
2024-01-12 18:28:39,4.7min,9d783b6d97da40c4be061be9ee006ab2,./data/phrases_prep_2.csv_CountVectorizer_2_129,LOCAL,modules\1_step - Choose vectorizer.py,Lev,FINISHED,8597.188,-17.466,129,-21797970.466
2024-01-12 18:24:03,4.6min,e434a61e50b64af28403240152399f3e,./data/phrases_prep_2.csv_CountVectorizer_2_126,LOCAL,modules\1_step - Choose vectorizer.py,Lev,FINISHED,8195.967,-17.448,126,-21682972.401
2024-01-12 18:19:30,4.6min,8ecf137d65fb489c87bbe001ce577c3d,./data/phrases_prep_2.csv_CountVectorizer_2_123,LOCAL,modules\1_step - Choose vectorizer.py,Lev,FINISHED,7605.212,-17.369,123,-21502970.468
2024-01-12 18:14:59,4.5min,ef7c991043d8487686fb8098ec750bf6,./data/phrases_prep_2.csv_CountVectorizer_2_120,LOCAL,modules\1_step - Choose vectorizer.py,Lev,FINISHED,7229.44,-17.293,120,-21381044.202
2024-01-12 18:10:29,4.5min,6e6d25925ebd48fb8564b07765a01b4c,./data/phrases_prep_2.csv_CountVectorizer_2_117,LOCAL,modules\1_step - Choose vectorizer.py,Lev,FINISHED,6547.802,-16.987,117,-21142755.816
2024-01-12 18:06:02,4.5min,96dce54251ea43ca85edc485b2f21a98,./data/phrases_prep_2.csv_CountVectorizer_2_114,LOCAL,modules\1_step - Choose vectorizer.py,Lev,FINISHED,6250.175,-17.338,114,-21030821.072
2024-01-12 18:01:37,4.4min,bc9452aac005462c83ca5bf053b7b3eb,./data/phrases_prep_2.csv_CountVectorizer_2_111,LOCAL,modules\1_step - Choose vectorizer.py,Lev,FINISHED,6038.305,-17.36,111,-20947841.364
2024-01-12 17:57:13,4.4min,d65e6145f66445dda0cce087434e2790,./data/phrases_prep_2.csv_CountVectorizer_2_108,LOCAL,modules\1_step - Choose vectorizer.py,Lev,FINISHED,5873.761,-17.028,108,-20881363.04
2024-01-12 17:52:52,4.3min,a59b8ec77f3c4b3688188f9a4917a03b,./data/phrases_prep_2.csv_CountVectorizer_2_105,LOCAL,modules\1_step - Choose vectorizer.py,Lev,FINISHED,5800.649,-17.17,105,-20851224.905
2024-01-12 17:48:33,4.3min,b5349cc893ea40da8d2835550a370c66,./data/phrases_prep_2.csv_CountVectorizer_2_102,LOCAL,modules\1_step - Choose vectorizer.py,Lev,FINISHED,5748.985,-17.016,102,-20829698.085
2024-01-12 17:44:16,4.3min,9c5e5ff42db24e1392d7cab4454c8768,./data/phrases_prep_2.csv_CountVectorizer_2_99,LOCAL,modules\1_step - Choose vectorizer.py,Lev,FINISHED,5753.012,-17.123,99,-20831383.171
2024-01-12 17:40:01,4.3min,06e8b66460fd47e3a758ba196c76c65e,./data/phrases_prep_2.csv_CountVectorizer_2_96,LOCAL,modules\1_step - Choose vectorizer.py,Lev,FINISHED,5639.908,-16.881,96,-20783606.79
2024-01-12 17:35:48,4.2min,8fef86eeb4554ebba90ed37606440c09,./data/phrases_prep_2.csv_CountVectorizer_2_93,LOCAL,modules\1_step - Choose vectorizer.py,Lev,FINISHED,5629.192,-16.905,93,-20779030.644
2024-01-12 17:31:35,4.2min,440461b0e934488482639b8625fc14eb,./data/phrases_prep_2.csv_CountVectorizer_2_90,LOCAL,modules\1_step - Choose vectorizer.py,Lev,FINISHED,5585.9,-16.657,90,-20760453.945
2024-01-12 17:27:24,4.2min,f64d8148bfd346e7823d33417cfe8a47,./data/phrases_prep_2.csv_CountVectorizer_2_87,LOCAL,modules\1_step - Choose vectorizer.py,Lev,FINISHED,5619.085,-16.653,87,-20774706.409
2024-01-12 17:23:15,4.2min,782f51ce29e04eb09aefce2c61f31dba,./data/phrases_prep_2.csv_CountVectorizer_2_84,LOCAL,modules\1_step - Choose vectorizer.py,Lev,FINISHED,5509.082,-16.598,84,-20727134.347
2024-01-12 17:19:08,4.1min,ba36e56a0b5c48e5a505bf4425c8859a,./data/phrases_prep_2.csv_CountVectorizer_2_81,LOCAL,modules\1_step - Choose vectorizer.py,Lev,FINISHED,5410.954,-16.369,81,-20683889.349
2024-01-12 17:15:03,4.1min,7b8301c3a4924d4cb906edb13c4fb037,./data/phrases_prep_2.csv_CountVectorizer_2_78,LOCAL,modules\1_step - Choose vectorizer.py,Lev,FINISHED,5328.336,-16.254,78,-20646866.888
2024-01-12 17:11:02,4.0min,2cc4ea1c2fb043c798e06279edb64039,./data/phrases_prep_2.csv_CountVectorizer_2_75,LOCAL,modules\1_step - Choose vectorizer.py,Lev,FINISHED,5223.427,-16.291,75,-20599019.455
2024-01-12 17:07:02,4.0min,31680c773cce48c48f435bf593d666c9,./data/phrases_prep_2.csv_CountVectorizer_2_72,LOCAL,modules\1_step - Choose vectorizer.py,Lev,FINISHED,5097.558,-15.772,72,-20540327.783
2024-01-12 17:03:03,4.0min,bbb990f9978942f7994501d0b5a238ed,./data/phrases_prep_2.csv_CountVectorizer_2_69,LOCAL,modules\1_step - Choose vectorizer.py,Lev,FINISHED,5099.193,-15.934,69,-20541099.653
2024-01-12 16:59:07,3.9min,979da43e65174de488f893e497ef7c27,./data/phrases_prep_2.csv_CountVectorizer_2_66,LOCAL,modules\1_step - Choose vectorizer.py,Lev,FINISHED,5113.618,-15.818,66,-20547896.646
2024-01-12 16:55:14,3.9min,9fd9461080b94b82a7275b9140814b69,./data/phrases_prep_2.csv_CountVectorizer_2_63,LOCAL,modules\1_step - Choose vectorizer.py,Lev,FINISHED,5015.577,-15.336,63,-20501316.454
2024-01-12 16:51:23,3.8min,f2c045d53e9748eb9f771155876af46d,./data/phrases_prep_2.csv_CountVectorizer_2_60,LOCAL,modules\1_step - Choose vectorizer.py,Lev,FINISHED,5025.305,-15.476,60,-20505978.57
2024-01-12 16:47:34,3.8min,2321a81952ee4713a640f65bf605c786,./data/phrases_prep_2.csv_CountVectorizer_2_57,LOCAL,modules\1_step - Choose vectorizer.py,Lev,FINISHED,4997.548,-15.265,57,-20492651.289
2024-01-12 16:43:47,3.8min,d5ae1be1f2a1425d929ae21a9e9eae0f,./data/phrases_prep_2.csv_CountVectorizer_2_54,LOCAL,modules\1_step - Choose vectorizer.py,Lev,FINISHED,4934.775,-14.863,54,-20462236.495
2024-01-12 16:40:03,3.7min,0d5921bde1cd4b979f22800e9c87541b,./data/phrases_prep_2.csv_CountVectorizer_2_51,LOCAL,modules\1_step - Choose vectorizer.py,Lev,FINISHED,4909.378,-14.712,51,-20449821.353
2024-01-12 16:36:20,3.7min,01dd9466389c41979cade097d42fe6bf,./data/phrases_prep_2.csv_CountVectorizer_2_48,LOCAL,modules\1_step - Choose vectorizer.py,Lev,FINISHED,4871.136,-14.381,48,-20431004.958
2024-01-12 16:32:38,3.7min,dd52908440fa41858dbc7c23d11f027a,./data/phrases_prep_2.csv_CountVectorizer_2_45,LOCAL,modules\1_step - Choose vectorizer.py,Lev,FINISHED,4828.155,-14.003,45,-20409679.32
2024-01-12 16:28:58,3.7min,aed882ad2d444049abe92ba5231fe148,./data/phrases_prep_2.csv_CountVectorizer_2_42,LOCAL,modules\1_step - Choose vectorizer.py,Lev,FINISHED,4773.248,-13.626,42,-20382158.936
2024-01-12 16:25:20,3.6min,9c532a3b94b44e5f85da78ce1c56393a,./data/phrases_prep_2.csv_CountVectorizer_2_39,LOCAL,modules\1_step - Choose vectorizer.py,Lev,FINISHED,4757.438,-13.349,39,-20374176.395
2024-01-12 16:21:44,3.6min,d9a10299dc3a44da96f8dce4e831dd14,./data/phrases_prep_2.csv_CountVectorizer_2_36,LOCAL,modules\1_step - Choose vectorizer.py,Lev,FINISHED,4693.019,-12.902,36,-20341372.248
2024-01-12 16:18:08,3.6min,afe658ab0075401d9f907270ca29dbe6,./data/phrases_prep_2.csv_CountVectorizer_2_33,LOCAL,modules\1_step - Choose vectorizer.py,Lev,FINISHED,4622.597,-12.392,33,-20304992.422
2024-01-12 16:14:35,3.6min,291a42a5f12d4b958680cb3a1b0392c3,./data/phrases_prep_2.csv_CountVectorizer_2_30,LOCAL,modules\1_step - Choose vectorizer.py,Lev,FINISHED,4576.334,-12.056,30,-20280790.002
2024-01-12 16:11:03,3.5min,a6c2a8c3e1a443a89d8286c45bfba999,./data/phrases_prep_2.csv_CountVectorizer_2_27,LOCAL,modules\1_step - Choose vectorizer.py,Lev,FINISHED,4530.94,-11.343,27,-20256803.236
2024-01-12 16:07:31,3.5min,1c1d038c34b545ce8ede9382dee3cd8a,./data/phrases_prep_2.csv_CountVectorizer_2_24,LOCAL,modules\1_step - Choose vectorizer.py,Lev,FINISHED,4450.816,-10.628,24,-20213872.544
2024-01-12 16:04:00,3.5min,5cef2b7c9c7440cfad3c60fb64fe6b1a,./data/phrases_prep_2.csv_CountVectorizer_2_21,LOCAL,modules\1_step - Choose vectorizer.py,Lev,FINISHED,4347.748,-10.082,21,-20157497.233
2024-01-12 16:00:29,3.5min,1f085af2fbff4b74be113ba7583ab62b,./data/phrases_prep_2.csv_CountVectorizer_2_18,LOCAL,modules\1_step - Choose vectorizer.py,Lev,FINISHED,4309.851,-9.672,18,-20136432.021
2024-01-12 15:56:57,3.5min,1dbb8722a2d044d7948ae80aa0acc7c6,./data/phrases_prep_2.csv_CountVectorizer_2_15,LOCAL,modules\1_step - Choose vectorizer.py,Lev,FINISHED,4196.079,-8.967,15,-20072059.985
2024-01-12 15:53:24,3.6min,3ad0bf86c15d4a87aa3d9e29bf190e2a,./data/phrases_prep_2.csv_CountVectorizer_2_12,LOCAL,modules\1_step - Choose vectorizer.py,Lev,FINISHED,4148.113,-8.225,12,-20044396.546
2024-01-12 15:49:48,3.6min,33031528a802459d834ba4d2e9b48408,./data/phrases_prep_2.csv_CountVectorizer_2_9,LOCAL,modules\1_step - Choose vectorizer.py,Lev,FINISHED,3966.851,-7.557,9,-19936886.203
2024-01-12 15:46:05,3.7min,24cacd28d0404a7cac3808fa3cf92fb9,./data/phrases_prep_2.csv_CountVectorizer_2_6,LOCAL,modules\1_step - Choose vectorizer.py,Lev,FINISHED,3769.557,-6.873,6,-19814135.261
2024-01-12 15:42:08,3.9min,b88f42512bcf4aeead31416288bcece1,./data/phrases_prep_2.csv_CountVectorizer_2_3,LOCAL,modules\1_step - Choose vectorizer.py,Lev,FINISHED,3439.583,-5.737,3,-19593712.807
2024-01-12 15:42:05,198ms,25091c9112a548d6b81c6c2a15fec35a,result_images,LOCAL,modules\1_step - Choose vectorizer.py,Lev,FINISHED,,,,
2024-01-12 15:37:57,4.1min,b744e1a553f94f57a812af948e6b3f05,./data/phrases_prep_2.csv_TfidfVectorizer_2_147,LOCAL,modules\1_step - Choose vectorizer.py,Lev,FINISHED,1.6061592052991938e+128,-15.754,147,-441923558.688
2024-01-12 15:33:51,4.1min,bb38353877ae425682916ca48986e8f6,./data/phrases_prep_2.csv_TfidfVectorizer_2_144,LOCAL,modules\1_step - Choose vectorizer.py,Lev,FINISHED,4.146408423810015e+125,-15.754,144,-433002357.296
2024-01-12 15:29:48,4.1min,ed097f7597954e2481acdf8e25005379,./data/phrases_prep_2.csv_TfidfVectorizer_2_141,LOCAL,modules\1_step - Choose vectorizer.py,Lev,FINISHED,1.07151119485566e+123,-15.754,141,-424082676.533
2024-01-12 15:25:46,4.0min,e4c016bee2674124b7d7a18a1e08e0b5,./data/phrases_prep_2.csv_TfidfVectorizer_2_138,LOCAL,modules\1_step - Choose vectorizer.py,Lev,FINISHED,2.7711034944086365e+120,-15.754,138,-415164138.096
2024-01-12 15:21:46,4.0min,d4e9b52d11e0404797736d4c3c12d1ba,./data/phrases_prep_2.csv_TfidfVectorizer_2_135,LOCAL,modules\1_step - Choose vectorizer.py,Lev,FINISHED,7.173748086759092e+117,-15.754,135,-406247107.174
2024-01-12 15:17:48,4.0min,462b9de2bad24e62a71ba71c38a6244b,./data/phrases_prep_2.csv_TfidfVectorizer_2_132,LOCAL,modules\1_step - Choose vectorizer.py,Lev,FINISHED,1.8580818667834748e+115,-15.754,132,-397330853.02
2024-01-12 15:13:52,3.9min,045597de2fd84266b21ec4a3a4dc311e,./data/phrases_prep_2.csv_TfidfVectorizer_2_129,LOCAL,modules\1_step - Choose vectorizer.py,Lev,FINISHED,4.822639533719348e+112,-15.754,129,-388417705.406
2024-01-12 15:10:01,3.8min,fe3e12add2e941f4a56977f91978425f,./data/phrases_prep_2.csv_TfidfVectorizer_2_126,LOCAL,modules\1_step - Choose vectorizer.py,Lev,FINISHED,1.2521140339407934e+110,-15.754,126,-379505037.353
2024-01-12 15:06:13,3.8min,8a7107f6ed9c49048fd0265e8eb83a62,./data/phrases_prep_2.csv_TfidfVectorizer_2_123,LOCAL,modules\1_step - Choose vectorizer.py,Lev,FINISHED,3.255263227279929e+107,-15.754,123,-370594379.401
2024-01-12 15:02:26,3.8min,c5b4003c6ed0419a8a87721031413876,./data/phrases_prep_2.csv_TfidfVectorizer_2_120,LOCAL,modules\1_step - Choose vectorizer.py,Lev,FINISHED,8.472096568607822e+104,-15.754,120,-361685315.874
2024-01-12 14:58:40,3.8min,754d7167d72e462f94b4e6765b846ca5,./data/phrases_prep_2.csv_TfidfVectorizer_2_117,LOCAL,modules\1_step - Choose vectorizer.py,Lev,FINISHED,2.2075071139371684e+102,-15.754,117,-352777998.001
2024-01-12 14:54:57,3.7min,11dcd297b8a943c78db50ffbd91e823d,./data/phrases_prep_2.csv_TfidfVectorizer_2_114,LOCAL,modules\1_step - Choose vectorizer.py,Lev,FINISHED,5.758845107863778e+99,-15.754,114,-343872479.702
2024-01-12 14:51:15,3.7min,b3d5eec386544987872446c82ac57a6f,./data/phrases_prep_2.csv_TfidfVectorizer_2_111,LOCAL,modules\1_step - Choose vectorizer.py,Lev,FINISHED,1.504429094601426e+97,-15.754,111,-334969040.073
2024-01-12 14:47:36,3.7min,c9ba01daf8c64e028c3b65627b11f20a,./data/phrases_prep_2.csv_TfidfVectorizer_2_108,LOCAL,modules\1_step - Choose vectorizer.py,Lev,FINISHED,3.936622517356286e+94,-15.754,108,-326068067.53
2024-01-12 14:43:58,3.6min,5f8853dfe1544508b6c69ca04761c494,./data/phrases_prep_2.csv_TfidfVectorizer_2_105,LOCAL,modules\1_step - Choose vectorizer.py,Lev,FINISHED,1.0315858422022658e+92,-15.754,105,-317169265.044
2024-01-12 14:40:21,3.6min,b7457c3299c0433a8109aae2055b59ea,./data/phrases_prep_2.csv_TfidfVectorizer_2_102,LOCAL,modules\1_step - Choose vectorizer.py,Lev,FINISHED,2.707712907780464e+89,-15.754,102,-308272929.365
2024-01-12 14:36:47,3.6min,58bd8d61e9c14e32b349e79834d2363d,./data/phrases_prep_2.csv_TfidfVectorizer_2_99,LOCAL,modules\1_step - Choose vectorizer.py,Lev,FINISHED,7.1187268804572e+86,-15.754,99,-299379015.102
2024-01-12 14:33:14,3.5min,9fdd51f9436848508f7e0ce776c5778e,./data/phrases_prep_2.csv_TfidfVectorizer_2_96,LOCAL,modules\1_step - Choose vectorizer.py,Lev,FINISHED,1.8741531304881167e+84,-15.754,96,-290487179.461
2024-01-12 14:29:42,3.5min,b1aa500bcf8a44e6b939c6b607576a5c,./data/phrases_prep_2.csv_TfidfVectorizer_2_93,LOCAL,modules\1_step - Choose vectorizer.py,Lev,FINISHED,4.944802119996096e+81,-15.754,93,-281598587.787
2024-01-12 14:26:11,3.5min,a20b388bb1424ec1b2e09ae2aee3a083,./data/phrases_prep_2.csv_TfidfVectorizer_2_90,LOCAL,modules\1_step - Choose vectorizer.py,Lev,FINISHED,1.3074177768800296e+79,-15.754,90,-272713172.94
2024-01-12 14:22:41,3.5min,14db10a6f28548fc91c3468bbf079db1,./data/phrases_prep_2.csv_TfidfVectorizer_2_87,LOCAL,modules\1_step - Choose vectorizer.py,Lev,FINISHED,3.4659192060937035e+76,-15.754,87,-263831682.763
2024-01-12 14:19:14,3.5min,77c5735e5650467eb47cb823b08dbf02,./data/phrases_prep_2.csv_TfidfVectorizer_2_84,LOCAL,modules\1_step - Choose vectorizer.py,Lev,FINISHED,9.198981601854503e+73,-15.754,84,-254951975.597
2024-01-12 14:15:49,3.4min,57a2f863de4e48198de3e2b36287c355,./data/phrases_prep_2.csv_TfidfVectorizer_2_81,LOCAL,modules\1_step - Choose vectorizer.py,Lev,FINISHED,2.4505226911816063e+71,-15.754,81,-246077775.552
2024-01-12 14:12:25,3.4min,dc36a4baffca4bae8e76e02e497512a3,./data/phrases_prep_2.csv_TfidfVectorizer_2_78,LOCAL,modules\1_step - Choose vectorizer.py,Lev,FINISHED,6.535931643004391e+68,-15.754,78,-237205401.702
2024-01-12 14:09:03,3.4min,8cb544d85dd54722bb13fed6fae8ec8e,./data/phrases_prep_2.csv_TfidfVectorizer_2_75,LOCAL,modules\1_step - Choose vectorizer.py,Lev,FINISHED,1.74984572171129e+66,-15.754,75,-228338692.924
2024-01-12 14:05:42,3.3min,220d8d51553e46c78c758b3c6bfe0305,./data/phrases_prep_2.csv_TfidfVectorizer_2_72,LOCAL,modules\1_step - Choose vectorizer.py,Lev,FINISHED,3.162820124626536e+57,-15.622,72,-198201951.911
2024-01-12 14:02:25,3.3min,0f6c699612ac492ea6d1aef0af17123f,./data/phrases_prep_2.csv_TfidfVectorizer_2_69,LOCAL,modules\1_step - Choose vectorizer.py,Lev,FINISHED,4.6460422011702276e+58,-15.62,69,-202224614.415
2024-01-12 13:59:08,3.3min,fe7bf15882fd470e881908ed74e93578,./data/phrases_prep_2.csv_TfidfVectorizer_2_66,LOCAL,modules\1_step - Choose vectorizer.py,Lev,FINISHED,1.0882368063911447e+52,-15.604,66,-179369857.202
2024-01-12 13:55:56,3.2min,7118b4c71ad1446e9d5e641f6f6dbf5c,./data/phrases_prep_2.csv_TfidfVectorizer_2_63,LOCAL,modules\1_step - Choose vectorizer.py,Lev,FINISHED,4.6333951495836585e+54,-15.61,63,-188432589.827
2024-01-12 13:52:45,3.2min,3b0d654b8fe245d08d545624602deffc,./data/phrases_prep_2.csv_TfidfVectorizer_2_60,LOCAL,modules\1_step - Choose vectorizer.py,Lev,FINISHED,1.2613992615569724e+42,-15.287,60,-145121049.502
2024-01-12 13:49:35,3.2min,662b69940e2c413a81c271998eeb8a4f,./data/phrases_prep_2.csv_TfidfVectorizer_2_57,LOCAL,modules\1_step - Choose vectorizer.py,Lev,FINISHED,4.0097727990091743e+33,-14.153,57,-115829483.465
2024-01-12 13:46:26,3.2min,e68cf1338e3b4f3695521a0863580568,./data/phrases_prep_2.csv_TfidfVectorizer_2_54,LOCAL,modules\1_step - Choose vectorizer.py,Lev,FINISHED,2.131836690721569e+30,-14.152,54,-104542790.273
2024-01-12 13:43:18,3.1min,66412f9e041b49a8aacd2e73936860fc,./data/phrases_prep_2.csv_TfidfVectorizer_2_51,LOCAL,modules\1_step - Choose vectorizer.py,Lev,FINISHED,1.2992712270367205e+24,-11.951,51,-83119585.747
2024-01-12 13:40:10,3.1min,bc321711e24c403fa9174af4410cb6a5,./data/phrases_prep_2.csv_TfidfVectorizer_2_48,LOCAL,modules\1_step - Choose vectorizer.py,Lev,FINISHED,62283332349413605000,-11.615,48,-68230922.659
2024-01-12 13:37:02,3.1min,fcdc4ea689c8413b9c66282769625fc7,./data/phrases_prep_2.csv_TfidfVectorizer_2_45,LOCAL,modules\1_step - Choose vectorizer.py,Lev,FINISHED,132237709035812880,-11.557,45,-59017072.117
2024-01-12 13:33:54,3.1min,e0ef129c13324f7eb016e2fb29b07362,./data/phrases_prep_2.csv_TfidfVectorizer_2_42,LOCAL,modules\1_step - Choose vectorizer.py,Lev,FINISHED,53287534646986.336,-11.668,42,-47315486.399
2024-01-12 13:30:47,3.1min,b69c0e95d1c447a2a5090cf82279b660,./data/phrases_prep_2.csv_TfidfVectorizer_2_39,LOCAL,modules\1_step - Choose vectorizer.py,Lev,FINISHED,107138400035.267,-12.614,39,-38020066.561
2024-01-12 13:27:42,3.1min,701a331da74e4a6fbf62a2b5cad02a6b,./data/phrases_prep_2.csv_TfidfVectorizer_2_36,LOCAL,modules\1_step - Choose vectorizer.py,Lev,FINISHED,823175421.828,-12.381,36,-30731577.489
2024-01-12 13:24:37,3.1min,71e553797b8c45e2bc2a38fc296ed74d,./data/phrases_prep_2.csv_TfidfVectorizer_2_33,LOCAL,modules\1_step - Choose vectorizer.py,Lev,FINISHED,12132696.424,-12.059,33,-24418301.761
2024-01-12 13:21:32,3.1min,5ae6701e4d184b85968167c9d0821016,./data/phrases_prep_2.csv_TfidfVectorizer_2_30,LOCAL,modules\1_step - Choose vectorizer.py,Lev,FINISHED,636652.343,-12.02,30,-20005970.131
2024-01-12 13:18:28,3.1min,ec583d5b12194a72b30a65405675939e,./data/phrases_prep_2.csv_TfidfVectorizer_2_27,LOCAL,modules\1_step - Choose vectorizer.py,Lev,FINISHED,85654.955,-12.005,27,-17003128.799
2024-01-12 13:15:23,3.1min,a25b014583e84bb9a90ec01a088577b8,./data/phrases_prep_2.csv_TfidfVectorizer_2_24,LOCAL,modules\1_step - Choose vectorizer.py,Lev,FINISHED,26909.382,-11.205,24,-15269816.105
2024-01-12 13:12:18,3.1min,7a4844f7a4544f3b9733e73e2f04771d,./data/phrases_prep_2.csv_TfidfVectorizer_2_21,LOCAL,modules\1_step - Choose vectorizer.py,Lev,FINISHED,15135.439,-10.901,21,-14408384.368
2024-01-12 13:09:13,3.1min,b0140069fe0e4d8ba7ce536e86b02c05,./data/phrases_prep_2.csv_TfidfVectorizer_2_18,LOCAL,modules\1_step - Choose vectorizer.py,Lev,FINISHED,12019.059,-10.214,18,-14063256.448
2024-01-12 13:06:09,3.1min,0f550e59524641a89b60ecb0eb481f7b,./data/phrases_prep_2.csv_TfidfVectorizer_2_15,LOCAL,modules\1_step - Choose vectorizer.py,Lev,FINISHED,10516.052,-9.656,15,-13863270.11
2024-01-12 13:03:04,3.1min,ab2601eca3d8492e91c0f50eaf6d78d8,./data/phrases_prep_2.csv_TfidfVectorizer_2_12,LOCAL,modules\1_step - Choose vectorizer.py,Lev,FINISHED,9409.023,-8.57,12,-13696752.3
2024-01-12 12:59:58,3.1min,5815f09224e84492ba6feaa1c09bfe87,./data/phrases_prep_2.csv_TfidfVectorizer_2_9,LOCAL,modules\1_step - Choose vectorizer.py,Lev,FINISHED,8177.912,-8.539,9,-13486823.623
2024-01-12 12:56:52,3.1min,c6a38de15d1d4c82aea11bd9b11baaa0,./data/phrases_prep_2.csv_TfidfVectorizer_2_6,LOCAL,modules\1_step - Choose vectorizer.py,Lev,FINISHED,6839.637,-7.093,6,-13219305.182
2024-01-12 12:53:42,3.2min,df4614e137eb4d80945817b958d90c34,./data/phrases_prep_2.csv_TfidfVectorizer_2_3,LOCAL,modules\1_step - Choose vectorizer.py,Lev,FINISHED,5170.131,-5.982,3,-12800387.781
2024-01-12 12:53:33,190ms,7e5b78faa73c4db69b95a3c2cdd60532,result_images,LOCAL,modules\1_step - Choose vectorizer.py,Lev,FINISHED,,,,
2024-01-12 12:50:22,3.2min,4a15c4dbc5f74f51b774322e6001355d,./data/sentences_prep_2.csv_CountVectorizer_2_147,LOCAL,modules\1_step - Choose vectorizer.py,Lev,FINISHED,8035.469,-14.135,147,-21126145.281
2024-01-12 12:47:12,3.2min,195aa8bc41574e6989e13392339e39e5,./data/sentences_prep_2.csv_CountVectorizer_2_144,LOCAL,modules\1_step - Choose vectorizer.py,Lev,FINISHED,7883.833,-13.705,144,-21081384.052
2024-01-12 12:44:03,3.2min,82d9b500753e471c82f53bfbdc756251,./data/sentences_prep_2.csv_CountVectorizer_2_141,LOCAL,modules\1_step - Choose vectorizer.py,Lev,FINISHED,7722.015,-13.445,141,-21032657.343
2024-01-12 12:40:57,3.1min,a6c509a632f9450f81a6b4f262513e31,./data/sentences_prep_2.csv_CountVectorizer_2_138,LOCAL,modules\1_step - Choose vectorizer.py,Lev,FINISHED,7768.562,-13.48,138,-21046777.266
2024-01-12 12:37:51,3.1min,848b47289c814510a3dc3a37f6d25ab2,./data/sentences_prep_2.csv_CountVectorizer_2_135,LOCAL,modules\1_step - Choose vectorizer.py,Lev,FINISHED,7729.734,-13.282,135,-21035004.829
2024-01-12 12:34:48,3.1min,7ee06b873ac74e159c3feb0776db4487,./data/sentences_prep_2.csv_CountVectorizer_2_132,LOCAL,modules\1_step - Choose vectorizer.py,Lev,FINISHED,7784.977,-13.601,132,-21051736.697
2024-01-12 12:31:45,3.0min,773b2d2a7d5141299b3ac7dda6a12977,./data/sentences_prep_2.csv_CountVectorizer_2_129,LOCAL,modules\1_step - Choose vectorizer.py,Lev,FINISHED,7629.347,-13.547,129,-21004290.955
2024-01-12 12:28:47,3.0min,b8dbe34c192144cea508d5ae469a1143,./data/sentences_prep_2.csv_CountVectorizer_2_126,LOCAL,modules\1_step - Choose vectorizer.py,Lev,FINISHED,7676.103,-13.486,126,-21018646.31
2024-01-12 12:25:51,2.9min,31eecc9cf54e4a6c92ca49b91251939c,./data/sentences_prep_2.csv_CountVectorizer_2_123,LOCAL,modules\1_step - Choose vectorizer.py,Lev,FINISHED,7519.291,-12.964,123,-20970151.428
2024-01-12 12:22:56,2.9min,e48a77ae3ede470ab545fa767a052166,./data/sentences_prep_2.csv_CountVectorizer_2_120,LOCAL,modules\1_step - Choose vectorizer.py,Lev,FINISHED,7452.086,-13.296,120,-20949057.627
2024-01-12 12:20:03,2.9min,598c7574e28c44ce9e755fbb7782f592,./data/sentences_prep_2.csv_CountVectorizer_2_117,LOCAL,modules\1_step - Choose vectorizer.py,Lev,FINISHED,7467.097,-13.443,117,-20953785.67
2024-01-12 12:17:12,2.9min,c7af44ebf7104f838a6a82c87f1bc22f,./data/sentences_prep_2.csv_CountVectorizer_2_114,LOCAL,modules\1_step - Choose vectorizer.py,Lev,FINISHED,7420.991,-13.451,114,-20939233.322
2024-01-12 12:14:21,2.8min,8c34e1d07f144365a0318b098c3463fd,./data/sentences_prep_2.csv_CountVectorizer_2_111,LOCAL,modules\1_step - Choose vectorizer.py,Lev,FINISHED,7320.428,-13.167,111,-20907176.525
2024-01-12 12:11:32,2.8min,18dc7382012a4bc29adb99a683ed289f,./data/sentences_prep_2.csv_CountVectorizer_2_108,LOCAL,modules\1_step - Choose vectorizer.py,Lev,FINISHED,7313.214,-13.021,108,-20904859.968
2024-01-12 12:08:44,2.8min,3a2ce83745c24a4a95e581fe0541301a,./data/sentences_prep_2.csv_CountVectorizer_2_105,LOCAL,modules\1_step - Choose vectorizer.py,Lev,FINISHED,7317.982,-13.441,105,-20906391.381
2024-01-12 12:05:57,2.8min,6f128b50233d4d5187e482075f884278,./data/sentences_prep_2.csv_CountVectorizer_2_102,LOCAL,modules\1_step - Choose vectorizer.py,Lev,FINISHED,7335.699,-13.243,102,-20912072.977
2024-01-12 12:03:12,2.8min,fd44128551b043eb84ffa7043a4b697d,./data/sentences_prep_2.csv_CountVectorizer_2_99,LOCAL,modules\1_step - Choose vectorizer.py,Lev,FINISHED,7212.321,-13.073,99,-20872220.237
2024-01-12 12:00:29,2.7min,3e0a299b8bfa4470a796fc772ed66302,./data/sentences_prep_2.csv_CountVectorizer_2_96,LOCAL,modules\1_step - Choose vectorizer.py,Lev,FINISHED,7225.334,-13.152,96,-20876455.496
2024-01-12 11:57:47,2.7min,e5dac0bdb15646b2a21acc0eb4f50965,./data/sentences_prep_2.csv_CountVectorizer_2_93,LOCAL,modules\1_step - Choose vectorizer.py,Lev,FINISHED,7116.046,-13.253,93,-20840645.871
2024-01-12 11:55:05,2.7min,45d200a87db64ae194778d8db265a902,./data/sentences_prep_2.csv_CountVectorizer_2_90,LOCAL,modules\1_step - Choose vectorizer.py,Lev,FINISHED,6988.694,-12.89,90,-20798216.763
2024-01-12 11:52:23,2.7min,9ed9905ceaf34eaf9ea04eea1a03e782,./data/sentences_prep_2.csv_CountVectorizer_2_87,LOCAL,modules\1_step - Choose vectorizer.py,Lev,FINISHED,6994.315,-12.632,87,-20800105.741
2024-01-12 11:49:44,2.7min,715f891045064306aa4b7e9d2e9ba645,./data/sentences_prep_2.csv_CountVectorizer_2_84,LOCAL,modules\1_step - Choose vectorizer.py,Lev,FINISHED,7013.692,-12.7,84,-20806605.682
2024-01-12 11:47:06,2.6min,e31997af8f5843cdb2e57d3919f7fba6,./data/sentences_prep_2.csv_CountVectorizer_2_81,LOCAL,modules\1_step - Choose vectorizer.py,Lev,FINISHED,6888.766,-12.455,81,-20764379.357
2024-01-12 11:44:29,2.6min,e6e3423830c24e49aacd61a6f9dd3c28,./data/sentences_prep_2.csv_CountVectorizer_2_78,LOCAL,modules\1_step - Choose vectorizer.py,Lev,FINISHED,6847.309,-12.31,78,-20750196.818
2024-01-12 11:41:54,2.6min,9753bc61189944e9b058c1c9aa0754a4,./data/sentences_prep_2.csv_CountVectorizer_2_75,LOCAL,modules\1_step - Choose vectorizer.py,Lev,FINISHED,6778.372,-11.985,75,-20726422.32
2024-01-12 11:39:20,2.6min,e52be6b8b25e4d21a20815107651e048,./data/sentences_prep_2.csv_CountVectorizer_2_72,LOCAL,modules\1_step - Choose vectorizer.py,Lev,FINISHED,6620.302,-11.96,72,-20670982.635
2024-01-12 11:36:46,2.6min,d0ed8f81bc60434d97869184cf542562,./data/sentences_prep_2.csv_CountVectorizer_2_69,LOCAL,modules\1_step - Choose vectorizer.py,Lev,FINISHED,6662.949,-11.772,69,-20686069.456
2024-01-12 11:34:15,2.5min,a09318f84c264d51a0dcea05303f7396,./data/sentences_prep_2.csv_CountVectorizer_2_66,LOCAL,modules\1_step - Choose vectorizer.py,Lev,FINISHED,6590.048,-11.878,66,-20660221.076
2024-01-12 11:31:45,2.5min,b571e4d9840b4eef8a3001ee25b3a8a7,./data/sentences_prep_2.csv_CountVectorizer_2_63,LOCAL,modules\1_step - Choose vectorizer.py,Lev,FINISHED,6481.543,-11.235,63,-20621213.858
2024-01-12 11:29:16,2.5min,aeb1e7b29a1f429ebc82b3656867d42b,./data/sentences_prep_2.csv_CountVectorizer_2_60,LOCAL,modules\1_step - Choose vectorizer.py,Lev,FINISHED,6403.643,-10.708,60,-20592804.529
2024-01-12 11:26:49,2.5min,c08329de9339491c80735d8a834b70d5,./data/sentences_prep_2.csv_CountVectorizer_2_57,LOCAL,modules\1_step - Choose vectorizer.py,Lev,FINISHED,6336.575,-10.714,57,-20568066.971
2024-01-12 11:24:22,2.4min,3d09d310ea7f4e2eb0c99da2192b178e,./data/sentences_prep_2.csv_CountVectorizer_2_54,LOCAL,modules\1_step - Choose vectorizer.py,Lev,FINISHED,6160.173,-10.47,54,-20501731.302
2024-01-12 11:21:56,2.4min,3ab54b46d65c483e81420342f0e3bbfd,./data/sentences_prep_2.csv_CountVectorizer_2_51,LOCAL,modules\1_step - Choose vectorizer.py,Lev,FINISHED,6117.754,-10.129,51,-20485496.54
2024-01-12 11:19:31,2.4min,b8cc0f225b674b9da9240ebbbe1cb632,./data/sentences_prep_2.csv_CountVectorizer_2_48,LOCAL,modules\1_step - Choose vectorizer.py,Lev,FINISHED,6025.762,-9.889,48,-20449898.205
2024-01-12 11:17:07,2.4min,36aab2d6879c4e8eaf60f015a0f0a5ed,./data/sentences_prep_2.csv_CountVectorizer_2_45,LOCAL,modules\1_step - Choose vectorizer.py,Lev,FINISHED,5911.649,-9.562,45,-20404977.187
2024-01-12 11:14:44,2.4min,47b5136ddc1d4b97a17eadc1d870a44f,./data/sentences_prep_2.csv_CountVectorizer_2_42,LOCAL,modules\1_step - Choose vectorizer.py,Lev,FINISHED,5754.99,-9.515,42,-20341874.674
2024-01-12 11:12:21,2.4min,98c0de2acf1341af8b59cd26498cf634,./data/sentences_prep_2.csv_CountVectorizer_2_39,LOCAL,modules\1_step - Choose vectorizer.py,Lev,FINISHED,5662.482,-9.025,39,-20303800.084
2024-01-12 11:09:58,2.4min,e3d5817812ea4d10a716f7cc4e425b80,./data/sentences_prep_2.csv_CountVectorizer_2_36,LOCAL,modules\1_step - Choose vectorizer.py,Lev,FINISHED,5509.964,-8.445,36,-20239648.015
2024-01-12 11:07:36,2.4min,4814682f12b64e5fa1bc78f7d3dd0a48,./data/sentences_prep_2.csv_CountVectorizer_2_33,LOCAL,modules\1_step - Choose vectorizer.py,Lev,FINISHED,5332.862,-8.189,33,-20162888.688
2024-01-12 11:05:15,2.4min,3e0ffa0af3ee4e1287132f022bb1e684,./data/sentences_prep_2.csv_CountVectorizer_2_30,LOCAL,modules\1_step - Choose vectorizer.py,Lev,FINISHED,5166.31,-7.677,30,-20088339.376
2024-01-12 11:02:53,2.4min,51e7a167f6b24b219a83da18eb93dc35,./data/sentences_prep_2.csv_CountVectorizer_2_27,LOCAL,modules\1_step - Choose vectorizer.py,Lev,FINISHED,5092.235,-7.139,27,-20054407.457
2024-01-12 11:00:32,2.3min,a94dd54d46fa4cca9733de2f10a7c323,./data/sentences_prep_2.csv_CountVectorizer_2_24,LOCAL,modules\1_step - Choose vectorizer.py,Lev,FINISHED,4818.128,-6.622,24,-19924404.398
2024-01-12 10:58:11,2.4min,1ed40779016240e9af76236cf2d04225,./data/sentences_prep_2.csv_CountVectorizer_2_21,LOCAL,modules\1_step - Choose vectorizer.py,Lev,FINISHED,4624.206,-6.361,21,-19827883.69
2024-01-12 10:55:49,2.4min,51338c676e1c468b9c372bec9ad15623,./data/sentences_prep_2.csv_CountVectorizer_2_18,LOCAL,modules\1_step - Choose vectorizer.py,Lev,FINISHED,4426.692,-5.95,18,-19725321.343
2024-01-12 10:53:26,2.4min,3cd1307c88544b62a2fd9e4ba42b1834,./data/sentences_prep_2.csv_CountVectorizer_2_15,LOCAL,modules\1_step - Choose vectorizer.py,Lev,FINISHED,4170.473,-5.521,15,-19585234.835
2024-01-12 10:51:03,2.4min,1c0335f8c4c44b3c94769b3d0106cf74,./data/sentences_prep_2.csv_CountVectorizer_2_12,LOCAL,modules\1_step - Choose vectorizer.py,Lev,FINISHED,4007.504,-5.157,12,-19491580.301
2024-01-12 10:48:36,2.4min,f66c0db0765141a7a20643153b6504e8,./data/sentences_prep_2.csv_CountVectorizer_2_9,LOCAL,modules\1_step - Choose vectorizer.py,Lev,FINISHED,3897.64,-4.818,9,-19426269.382
2024-01-12 10:46:05,2.5min,16127a404bcb4b5cb829b1623e7680d7,./data/sentences_prep_2.csv_CountVectorizer_2_6,LOCAL,modules\1_step - Choose vectorizer.py,Lev,FINISHED,3646.278,-4.41,6,-19269639.14
2024-01-12 10:43:25,2.7min,bce6550106a24802a615b97f4958670c,./data/sentences_prep_2.csv_CountVectorizer_2_3,LOCAL,modules\1_step - Choose vectorizer.py,Lev,FINISHED,3294.433,-4.027,3,-19031224.585
2024-01-12 10:43:22,201ms,71c940cf5ef440a29ff63f3d2fdff10e,result_images,LOCAL,modules\1_step - Choose vectorizer.py,Lev,FINISHED,,,,
2024-01-12 10:40:54,2.5min,363551cc09e24f86ba39a0f2987c3560,./data/sentences_prep_2.csv_TfidfVectorizer_2_147,LOCAL,modules\1_step - Choose vectorizer.py,Lev,FINISHED,1.7400576201539386e+128,-16.132,147,-313928797.758
2024-01-12 10:38:27,2.5min,699dfd25f07c46c9ae22355d8b07265b,./data/sentences_prep_2.csv_TfidfVectorizer_2_144,LOCAL,modules\1_step - Choose vectorizer.py,Lev,FINISHED,4.492437415928867e+125,-16.132,144,-307593256.8
2024-01-12 10:36:00,2.4min,6f062969433a4b5088c6c57a2d4015ce,./data/sentences_prep_2.csv_TfidfVectorizer_2_141,LOCAL,modules\1_step - Choose vectorizer.py,Lev,FINISHED,1.1606118632564227e+123,-16.132,141,-301258417.341
2024-01-12 10:33:36,2.4min,43e1e3ec2d824a2ba9a93f16246b9c28,./data/sentences_prep_2.csv_TfidfVectorizer_2_138,LOCAL,modules\1_step - Choose vectorizer.py,Lev,FINISHED,3.0015296450715484e+120,-16.132,138,-294924681.089
2024-01-12 10:31:12,2.4min,51b5d37120e24e5c86608883012ac613,./data/sentences_prep_2.csv_TfidfVectorizer_2_135,LOCAL,modules\1_step - Choose vectorizer.py,Lev,FINISHED,7.77215770223051e+117,-16.132,135,-288592274.903
2024-01-12 10:28:50,2.4min,4d34432be14e4062a207d8d0c1b5be8c,./data/sentences_prep_2.csv_TfidfVectorizer_2_132,LOCAL,modules\1_step - Choose vectorizer.py,Lev,FINISHED,2.0127679125109767e+115,-16.132,132,-282259998.777
2024-01-12 10:26:28,2.4min,3518ffb109794d0fabc1402e365a3a82,./data/sentences_prep_2.csv_TfidfVectorizer_2_129,LOCAL,modules\1_step - Choose vectorizer.py,Lev,FINISHED,5.224280912180921e+112,-16.132,129,-275930123.433
2024-01-12 10:24:11,2.3min,3dcf6cf2dbdc4665a700161e6fd2d7c4,./data/sentences_prep_2.csv_TfidfVectorizer_2_126,LOCAL,modules\1_step - Choose vectorizer.py,Lev,FINISHED,1.356391884239112e+110,-16.132,126,-269600556.142
2024-01-12 10:21:54,2.3min,b5583c540c1c45c5b7f965ef3c30cff4,./data/sentences_prep_2.csv_TfidfVectorizer_2_123,LOCAL,modules\1_step - Choose vectorizer.py,Lev,FINISHED,3.525986899197006e+107,-16.132,123,-263272303.044
2024-01-12 10:19:39,2.3min,5d063fa19b514692b64e044413858e90,./data/sentences_prep_2.csv_TfidfVectorizer_2_120,LOCAL,modules\1_step - Choose vectorizer.py,Lev,FINISHED,9.177432421736331e+104,-16.132,120,-256945384.062
2024-01-12 10:17:24,2.2min,9c80ade687a040d89d12daa3d3bda319,./data/sentences_prep_2.csv_TfidfVectorizer_2_117,LOCAL,modules\1_step - Choose vectorizer.py,Lev,FINISHED,2.3913449145290435e+102,-16.132,117,-250619641.39
2024-01-12 10:15:12,2.2min,0236297afcb54094a29154b5eb278a56,./data/sentences_prep_2.csv_TfidfVectorizer_2_114,LOCAL,modules\1_step - Choose vectorizer.py,Lev,FINISHED,6.237856182224689e+99,-16.132,114,-244295054.43
2024-01-12 10:12:59,2.2min,bdcffe762e67476bb85dfe7da0bfa9b9,./data/sentences_prep_2.csv_TfidfVectorizer_2_111,LOCAL,modules\1_step - Choose vectorizer.py,Lev,FINISHED,1.6296630811668764e+97,-16.132,111,-237972105.975
2024-01-12 10:10:49,2.2min,2c3e467d02344dcaa74b47a0f71329c9,./data/sentences_prep_2.csv_TfidfVectorizer_2_108,LOCAL,modules\1_step - Choose vectorizer.py,Lev,FINISHED,4.2640562142495204e+94,-16.132,108,-231650779.605
2024-01-12 10:08:39,2.2min,624d1e99d7fc4eba9337ac92a7d22cac,./data/sentences_prep_2.csv_TfidfVectorizer_2_105,LOCAL,modules\1_step - Choose vectorizer.py,Lev,FINISHED,1.1174566010746234e+92,-16.132,105,-225331124.339
2024-01-12 10:06:31,2.1min,1a3790dbee2a420e9b7c9469de4b0f0b,./data/sentences_prep_2.csv_TfidfVectorizer_2_102,LOCAL,modules\1_step - Choose vectorizer.py,Lev,FINISHED,2.932925414075795e+89,-16.132,102,-219013091.12
2024-01-12 10:04:24,2.1min,130d3951285b40ef821c6567dd59d70f,./data/sentences_prep_2.csv_TfidfVectorizer_2_99,LOCAL,modules\1_step - Choose vectorizer.py,Lev,FINISHED,7.711404063044467e+86,-16.132,99,-212696923.467
2024-01-12 10:02:17,2.1min,46ebcbaa8d9a46379ca75716d0fbd24f,./data/sentences_prep_2.csv_TfidfVectorizer_2_96,LOCAL,modules\1_step - Choose vectorizer.py,Lev,FINISHED,2.030031266792842e+84,-16.132,96,-206382069.947
2024-01-12 10:00:13,2.1min,cb2358baaa9340f3a4ef7bc71c05b827,./data/sentences_prep_2.csv_TfidfVectorizer_2_93,LOCAL,modules\1_step - Choose vectorizer.py,Lev,FINISHED,5.356068515713619e+81,-16.132,93,-200069601.066
2024-01-12 09:58:08,2.1min,c32ce160b7704118a5bea22e22900831,./data/sentences_prep_2.csv_TfidfVectorizer_2_90,LOCAL,modules\1_step - Choose vectorizer.py,Lev,FINISHED,1.4162339051561658e+79,-16.132,90,-193759446.656
2024-01-12 09:56:05,2.1min,4bbf4966b15e4b18afea3b7a60798907,./data/sentences_prep_2.csv_TfidfVectorizer_2_87,LOCAL,modules\1_step - Choose vectorizer.py,Lev,FINISHED,3.754521817671398e+76,-16.132,87,-187452060.364
2024-01-12 09:54:03,2.0min,1f952483b38846beaf045b774dcfeb05,./data/sentences_prep_2.csv_TfidfVectorizer_2_84,LOCAL,modules\1_step - Choose vectorizer.py,Lev,FINISHED,2.3164579798830442e+64,-15.997,84,-157563031.37
2024-01-12 09:52:02,2.0min,1c254b52477247a984396d1cf2ebb0c6,./data/sentences_prep_2.csv_TfidfVectorizer_2_81,LOCAL,modules\1_step - Choose vectorizer.py,Lev,FINISHED,1.4458514514319418e+71,-16.124,81,-174197706.571
2024-01-12 09:50:02,2.0min,51e87cf6af444fda8a86a750180bae48,./data/sentences_prep_2.csv_TfidfVectorizer_2_78,LOCAL,modules\1_step - Choose vectorizer.py,Lev,FINISHED,6.503302982376386e+59,-15.978,78,-146420638.77
2024-01-12 09:48:03,2.0min,a3e37badb604488b825bb24f17fd089f,./data/sentences_prep_2.csv_TfidfVectorizer_2_75,LOCAL,modules\1_step - Choose vectorizer.py,Lev,FINISHED,2.6333791826844376e+59,-15.912,75,-145459516.125
2024-01-12 09:46:05,2.0min,b50b37f50d38472ea63ecdd1360b1da6,./data/sentences_prep_2.csv_TfidfVectorizer_2_72,LOCAL,modules\1_step - Choose vectorizer.py,Lev,FINISHED,7.376334793168652e+44,-15.477,72,-109835038.658
2024-01-12 09:44:08,2.0min,b7cc8d67308342daaa18766d1377a99d,./data/sentences_prep_2.csv_TfidfVectorizer_2_69,LOCAL,modules\1_step - Choose vectorizer.py,Lev,FINISHED,1.1821744824618186e+35,-14.29,69,-85856802.646
2024-01-12 09:42:10,2.0min,3818a0777d2e40ab9738324883e0f4be,./data/sentences_prep_2.csv_TfidfVectorizer_2_66,LOCAL,modules\1_step - Choose vectorizer.py,Lev,FINISHED,1.121782929619438e+27,-12.673,66,-66217311.568
2024-01-12 09:40:10,2.0min,8da48500fcec486eb5af755a9e11efa6,./data/sentences_prep_2.csv_TfidfVectorizer_2_63,LOCAL,modules\1_step - Choose vectorizer.py,Lev,FINISHED,5.523107750150328e+22,-11.269,63,-55672137.797
2024-01-12 09:38:14,1.9min,d233a73f19ed41bcb6ebb43bee4da7aa,./data/sentences_prep_2.csv_TfidfVectorizer_2_60,LOCAL,modules\1_step - Choose vectorizer.py,Lev,FINISHED,1074115898817781500,-9.439,60,-44139436.447
2024-01-12 00:01:43,9.6h,5814fad90f7a44f68ff0a5004997d8de,./data/sentences_prep_2.csv_TfidfVectorizer_2_57,LOCAL,modules\1_step - Choose vectorizer.py,Lev,FINISHED,2313204616902913.5,-9.09,57,-37611104.543
2024-01-11 23:59:47,1.9min,b5062d70e96e4bc8bd6d69e080f04c18,./data/sentences_prep_2.csv_TfidfVectorizer_2_54,LOCAL,modules\1_step - Choose vectorizer.py,Lev,FINISHED,17265466726573.28,-9.771,54,-32404189.119
2024-01-11 23:57:49,2.0min,dff7f6a55f5847a8ba0cc79b699a8cd8,./data/sentences_prep_2.csv_TfidfVectorizer_2_51,LOCAL,modules\1_step - Choose vectorizer.py,Lev,FINISHED,163647933479.239,-9.747,51,-27451294.269
2024-01-11 23:55:50,2.0min,456dfd8bdd344cc78b19f6358e3c11ac,./data/sentences_prep_2.csv_TfidfVectorizer_2_48,LOCAL,modules\1_step - Choose vectorizer.py,Lev,FINISHED,5218029986.241,-9.36,48,-23788145.252
2024-01-11 23:53:56,1.9min,31e15f9241ca4f41beaf1f2493124b4c,./data/sentences_prep_2.csv_TfidfVectorizer_2_45,LOCAL,modules\1_step - Choose vectorizer.py,Lev,FINISHED,249393508.51,-9.668,45,-20555306.245
2024-01-11 23:52:01,1.9min,e76da2740e30467bbf96126dbb4f7cf7,./data/sentences_prep_2.csv_TfidfVectorizer_2_42,LOCAL,modules\1_step - Choose vectorizer.py,Lev,FINISHED,17447067.994,-9.7,42,-17727504.927
2024-01-11 23:50:09,1.9min,577c810fef344745bd002d8d27ec143b,./data/sentences_prep_2.csv_TfidfVectorizer_2_39,LOCAL,modules\1_step - Choose vectorizer.py,Lev,FINISHED,2432047.19,-9.483,39,-15632655.183
2024-01-11 23:48:16,1.9min,3fc0f05c5f5e45a3a38cae82c7b8ca57,./data/sentences_prep_2.csv_TfidfVectorizer_2_36,LOCAL,modules\1_step - Choose vectorizer.py,Lev,FINISHED,513497.101,-9.515,36,-13979214.353
2024-01-11 23:46:24,1.9min,ddc2d7b2f89e49c88d753bdd5ce1de57,./data/sentences_prep_2.csv_TfidfVectorizer_2_33,LOCAL,modules\1_step - Choose vectorizer.py,Lev,FINISHED,151827.242,-9.142,33,-12683778.335
2024-01-11 23:44:31,1.9min,780fea73516f485f8e5b03ea5af4651e,./data/sentences_prep_2.csv_TfidfVectorizer_2_30,LOCAL,modules\1_step - Choose vectorizer.py,Lev,FINISHED,66022.735,-9.121,30,-11798455.547
2024-01-11 23:42:39,1.9min,08bafe6c511440a7afbae1fdee62e590,./data/sentences_prep_2.csv_TfidfVectorizer_2_27,LOCAL,modules\1_step - Choose vectorizer.py,Lev,FINISHED,38373.629,-8.863,27,-11221565.844
2024-01-11 23:40:46,1.9min,a522825310db4624b66085ef7bf02f98,./data/sentences_prep_2.csv_TfidfVectorizer_2_24,LOCAL,modules\1_step - Choose vectorizer.py,Lev,FINISHED,28181.473,-8.255,24,-10893368.771
2024-01-11 23:38:53,1.9min,d335931a15214cada2388bbe75df89dc,./data/sentences_prep_2.csv_TfidfVectorizer_2_21,LOCAL,modules\1_step - Choose vectorizer.py,Lev,FINISHED,23377.247,-7.425,21,-10694666.423
2024-01-11 23:37:00,1.9min,767b31d5f2db4502bab8db64f6b1a331,./data/sentences_prep_2.csv_TfidfVectorizer_2_18,LOCAL,modules\1_step - Choose vectorizer.py,Lev,FINISHED,20255.722,-6.863,18,-10542291.073
2024-01-11 23:35:06,1.9min,df33ae56e38d49f69a28fad5baff8601,./data/sentences_prep_2.csv_TfidfVectorizer_2_15,LOCAL,modules\1_step - Choose vectorizer.py,Lev,FINISHED,17325.769,-6.23,15,-10376183.692
2024-01-11 23:33:11,1.9min,35f5e7021cfe4bba873753b3c39b992a,./data/sentences_prep_2.csv_TfidfVectorizer_2_12,LOCAL,modules\1_step - Choose vectorizer.py,Lev,FINISHED,14852.288,-5.702,12,-10212416.695
2024-01-11 23:31:15,1.9min,02f81b3a1d29473c8f8c2c41ae5d7a0a,./data/sentences_prep_2.csv_TfidfVectorizer_2_9,LOCAL,modules\1_step - Choose vectorizer.py,Lev,FINISHED,12476.289,-5.118,9,-10027086.14
2024-01-11 23:29:15,2.0min,ebe4b7c504a748a4b7da04d479f713eb,./data/sentences_prep_2.csv_TfidfVectorizer_2_6,LOCAL,modules\1_step - Choose vectorizer.py,Lev,FINISHED,9953.65,-4.766,6,-9786932.924
2024-01-11 23:27:17,2.0min,6c070faf03e94b6690b9bd07e4de3962,./data/sentences_prep_2.csv_TfidfVectorizer_2_3,LOCAL,modules\1_step - Choose vectorizer.py,Lev,FINISHED,6962.274,-4.224,3,-9406931.755
2024-01-11 23:27:10,188ms,f4b5de61d2494c6e9ee4853cde4095b9,result_images,LOCAL,modules\1_step - Choose vectorizer.py,Lev,FINISHED,,,,
2024-01-11 23:25:44,1.4min,0b85ac925b964c0b802cc0a6e36232ed,./data/coffee_prep_2.csv_CountVectorizer_2_147,LOCAL,modules\1_step - Choose vectorizer.py,Lev,FINISHED,7612.673,-4.566,147,-20888440.946
2024-01-11 23:24:18,1.4min,2e51e103849a48b89b1eba500e613901,./data/coffee_prep_2.csv_CountVectorizer_2_144,LOCAL,modules\1_step - Choose vectorizer.py,Lev,FINISHED,7625.45,-4.5,144,-20892360.207
2024-01-11 23:22:53,1.4min,e131a0397b4e4e85a6f5d6886e970fa8,./data/coffee_prep_2.csv_CountVectorizer_2_141,LOCAL,modules\1_step - Choose vectorizer.py,Lev,FINISHED,7528.034,-4.523,141,-20862310.669
2024-01-11 23:21:31,1.4min,90847f502fe64e23b6fc77b11452f9fd,./data/coffee_prep_2.csv_CountVectorizer_2_138,LOCAL,modules\1_step - Choose vectorizer.py,Lev,FINISHED,7499.159,-4.364,138,-20853328.647
2024-01-11 23:20:09,1.4min,3d28a3c92e73463280b6a5775d90f655,./data/coffee_prep_2.csv_CountVectorizer_2_135,LOCAL,modules\1_step - Choose vectorizer.py,Lev,FINISHED,7372.569,-4.551,135,-20813539.557
2024-01-11 23:18:48,1.3min,1fe0d52000494cb5a7bf14793c6c6f1d,./data/coffee_prep_2.csv_CountVectorizer_2_132,LOCAL,modules\1_step - Choose vectorizer.py,Lev,FINISHED,7310.59,-4.478,132,-20793808.86
2024-01-11 23:17:28,1.3min,6d1264f9279b4aa7b5d923eee36d62a9,./data/coffee_prep_2.csv_CountVectorizer_2_129,LOCAL,modules\1_step - Choose vectorizer.py,Lev,FINISHED,7242.186,-4.342,129,-20771837.56
2024-01-11 23:16:10,1.3min,8cab9e25f310438ea7cce6195705d5ca,./data/coffee_prep_2.csv_CountVectorizer_2_126,LOCAL,modules\1_step - Choose vectorizer.py,Lev,FINISHED,7160.718,-4.601,126,-20745397.669
2024-01-11 23:14:53,1.3min,0678892d2cbf456a850cac1a219ce3f0,./data/coffee_prep_2.csv_CountVectorizer_2_123,LOCAL,modules\1_step - Choose vectorizer.py,Lev,FINISHED,7116.077,-4.548,123,-20730781.799
2024-01-11 23:13:36,1.3min,bdef324a63a14907943a0f5ea9edcd7a,./data/coffee_prep_2.csv_CountVectorizer_2_120,LOCAL,modules\1_step - Choose vectorizer.py,Lev,FINISHED,7052.917,-4.283,120,-20709945.551
2024-01-11 23:12:21,1.3min,016e248d4e734ac08af740e090073916,./data/coffee_prep_2.csv_CountVectorizer_2_117,LOCAL,modules\1_step - Choose vectorizer.py,Lev,FINISHED,7011.713,-4.46,117,-20696251.674
2024-01-11 23:11:07,1.2min,94091119e17048c0b795c75611033b3b,./data/coffee_prep_2.csv_CountVectorizer_2_114,LOCAL,modules\1_step - Choose vectorizer.py,Lev,FINISHED,6851.639,-4.454,114,-20642277.22
2024-01-11 23:09:53,1.2min,9d5368b97659415fb31efa1bae155ce2,./data/coffee_prep_2.csv_CountVectorizer_2_111,LOCAL,modules\1_step - Choose vectorizer.py,Lev,FINISHED,6844.74,-4.334,111,-20639922.639
2024-01-11 23:08:40,1.2min,292e6d22cbf747399af59faec1a5cca3,./data/coffee_prep_2.csv_CountVectorizer_2_108,LOCAL,modules\1_step - Choose vectorizer.py,Lev,FINISHED,6780.885,-4.276,108,-20618016.816
2024-01-11 23:07:29,1.2min,35d5ac82d5ff438188e6c6da2e0e5655,./data/coffee_prep_2.csv_CountVectorizer_2_105,LOCAL,modules\1_step - Choose vectorizer.py,Lev,FINISHED,6663.468,-4.051,105,-20577192.678
2024-01-11 23:06:18,1.2min,607e10116eb84d7c9dbce0dc65c5731d,./data/coffee_prep_2.csv_CountVectorizer_2_102,LOCAL,modules\1_step - Choose vectorizer.py,Lev,FINISHED,6524.81,-4.03,102,-20528046.339
2024-01-11 23:05:08,1.2min,6dcc184cba914d96984e4ec702d2f2b0,./data/coffee_prep_2.csv_CountVectorizer_2_99,LOCAL,modules\1_step - Choose vectorizer.py,Lev,FINISHED,6486.56,-3.973,99,-20514305.084
2024-01-11 23:03:59,1.1min,6d4e8131729d486bab4b0689968dfa52,./data/coffee_prep_2.csv_CountVectorizer_2_96,LOCAL,modules\1_step - Choose vectorizer.py,Lev,FINISHED,6383.381,-4.02,96,-20476830.13
2024-01-11 23:02:51,1.1min,45b1c94a3ed24ed9b0dfcbf3a9a46621,./data/coffee_prep_2.csv_CountVectorizer_2_93,LOCAL,modules\1_step - Choose vectorizer.py,Lev,FINISHED,6282.49,-4.089,93,-20439596.075
2024-01-11 23:01:43,1.1min,5ea27d0bc16d4e58b566e2ae8da4fd3c,./data/coffee_prep_2.csv_CountVectorizer_2_90,LOCAL,modules\1_step - Choose vectorizer.py,Lev,FINISHED,6218.825,-3.899,90,-20415791.262
2024-01-11 23:00:35,1.1min,46749cc12e90487aa7d3d1cd5a90bbda,./data/coffee_prep_2.csv_CountVectorizer_2_87,LOCAL,modules\1_step - Choose vectorizer.py,Lev,FINISHED,6077.547,-4.033,87,-20362083.775
2024-01-11 22:59:29,1.1min,d5c24ac0b7a548f9b95150da0839cb77,./data/coffee_prep_2.csv_CountVectorizer_2_84,LOCAL,modules\1_step - Choose vectorizer.py,Lev,FINISHED,5992.737,-3.649,84,-20329240.199
2024-01-11 22:58:24,1.1min,14d16b07f43d48bea2572e6c3995c371,./data/coffee_prep_2.csv_CountVectorizer_2_81,LOCAL,modules\1_step - Choose vectorizer.py,Lev,FINISHED,5970.506,-3.741,81,-20320553.922
2024-01-11 22:57:19,1.1min,ba9de48a512c454481c2a208c1761ee5,./data/coffee_prep_2.csv_CountVectorizer_2_78,LOCAL,modules\1_step - Choose vectorizer.py,Lev,FINISHED,5850.704,-3.619,78,-20273180.794
2024-01-11 22:56:15,1.1min,7ebcad3ac3f04b86b151e4d3ca19a373,./data/coffee_prep_2.csv_CountVectorizer_2_75,LOCAL,modules\1_step - Choose vectorizer.py,Lev,FINISHED,5739.662,-3.622,75,-20228396.754
2024-01-11 22:55:11,1.1min,38fa0f0ede4b45428d3ff8c84750edf5,./data/coffee_prep_2.csv_CountVectorizer_2_72,LOCAL,modules\1_step - Choose vectorizer.py,Lev,FINISHED,5676.579,-3.395,72,-20202567.6
2024-01-11 22:54:08,1.1min,badc32516c824782bbb045d8dac8d7db,./data/coffee_prep_2.csv_CountVectorizer_2_69,LOCAL,modules\1_step - Choose vectorizer.py,Lev,FINISHED,5557.791,-3.469,69,-20153141.439
2024-01-11 22:53:05,1.0min,1f4b59d736974d8f819b82cedda6768e,./data/coffee_prep_2.csv_CountVectorizer_2_66,LOCAL,modules\1_step - Choose vectorizer.py,Lev,FINISHED,5476.453,-3.452,66,-20118684.772
2024-01-11 22:52:04,1.0min,c38253eceb4d4767b9d3cb86cd3b5e10,./data/coffee_prep_2.csv_CountVectorizer_2_63,LOCAL,modules\1_step - Choose vectorizer.py,Lev,FINISHED,5372.987,-3.179,63,-20074106.777
2024-01-11 22:51:03,1.0min,98797a590acc4842abdcae8b2dd6070d,./data/coffee_prep_2.csv_CountVectorizer_2_60,LOCAL,modules\1_step - Choose vectorizer.py,Lev,FINISHED,5277.951,-3.184,60,-20032397.985
2024-01-11 22:50:02,1.0min,4a631c8bc9aa441ba79170884de86151,./data/coffee_prep_2.csv_CountVectorizer_2_57,LOCAL,modules\1_step - Choose vectorizer.py,Lev,FINISHED,5210.055,-3.142,57,-20002137.481
2024-01-11 22:49:02,1.0min,69ecbb67a6e74d6a9234ec3a607c0a46,./data/coffee_prep_2.csv_CountVectorizer_2_54,LOCAL,modules\1_step - Choose vectorizer.py,Lev,FINISHED,5099.173,-3.11,54,-19951860.582
2024-01-11 22:48:02,59.9s,24159f736e2a46fcb86629d1affb51e0,./data/coffee_prep_2.csv_CountVectorizer_2_51,LOCAL,modules\1_step - Choose vectorizer.py,Lev,FINISHED,4996.979,-3.019,51,-19904545.671
2024-01-11 22:47:03,58.7s,d8b06420451346d9b9c5ee8ef16edd85,./data/coffee_prep_2.csv_CountVectorizer_2_48,LOCAL,modules\1_step - Choose vectorizer.py,Lev,FINISHED,4924.98,-3.079,48,-19870625.871
2024-01-11 22:46:04,58.6s,4816efaab1024556b3023bd392e78f59,./data/coffee_prep_2.csv_CountVectorizer_2_45,LOCAL,modules\1_step - Choose vectorizer.py,Lev,FINISHED,4817.067,-2.951,45,-19818846.387
2024-01-11 22:45:06,58.0s,5011d5ebefdb4284bad94457f476ebf6,./data/coffee_prep_2.csv_CountVectorizer_2_42,LOCAL,modules\1_step - Choose vectorizer.py,Lev,FINISHED,4715.864,-2.893,42,-19769221.362
2024-01-11 22:44:09,57.5s,994e5b84ca7e47059189c36e7ae6e625,./data/coffee_prep_2.csv_CountVectorizer_2_39,LOCAL,modules\1_step - Choose vectorizer.py,Lev,FINISHED,4651.678,-2.926,39,-19737192.92
2024-01-11 22:43:12,57.2s,fe8648da124149a28b38a48dea603c68,./data/coffee_prep_2.csv_CountVectorizer_2_36,LOCAL,modules\1_step - Choose vectorizer.py,Lev,FINISHED,4531.398,-2.948,36,-19675965.293
2024-01-11 22:42:15,56.8s,7f64f8dc421e4315a496d853b1e626fc,./data/coffee_prep_2.csv_CountVectorizer_2_33,LOCAL,modules\1_step - Choose vectorizer.py,Lev,FINISHED,4458.074,-2.828,33,-19637837.486
2024-01-11 22:41:18,56.6s,50d3088ed8f944739086c9be77476d9e,./data/coffee_prep_2.csv_CountVectorizer_2_30,LOCAL,modules\1_step - Choose vectorizer.py,Lev,FINISHED,4387.846,-2.803,30,-19600727.645
2024-01-11 22:40:22,56.3s,adb3c489e6f740048feb2387917c2c24,./data/coffee_prep_2.csv_CountVectorizer_2_27,LOCAL,modules\1_step - Choose vectorizer.py,Lev,FINISHED,4267.14,-2.824,27,-19535533.469
2024-01-11 22:39:26,55.8s,7db51f6ffe98479991705eff459bc88e,./data/coffee_prep_2.csv_CountVectorizer_2_24,LOCAL,modules\1_step - Choose vectorizer.py,Lev,FINISHED,4159.564,-2.717,24,-19475858.039
2024-01-11 22:38:30,56.0s,b3e2dbfa93fb45ef82af2f5835247b98,./data/coffee_prep_2.csv_CountVectorizer_2_21,LOCAL,modules\1_step - Choose vectorizer.py,Lev,FINISHED,4081.233,-2.751,21,-19431425.765
2024-01-11 22:37:34,55.9s,3642abbda8e9435aaf020902db5ca658,./data/coffee_prep_2.csv_CountVectorizer_2_18,LOCAL,modules\1_step - Choose vectorizer.py,Lev,FINISHED,3992.724,-2.673,18,-19380182.869
2024-01-11 22:36:38,56.0s,8fda60b059b34b66b04d8bdf0b3e0bef,./data/coffee_prep_2.csv_CountVectorizer_2_15,LOCAL,modules\1_step - Choose vectorizer.py,Lev,FINISHED,3908.34,-2.736,15,-19330259.072
2024-01-11 22:35:42,56.2s,39b7e24431b44eb6b4f2c009eb266c88,./data/coffee_prep_2.csv_CountVectorizer_2_12,LOCAL,modules\1_step - Choose vectorizer.py,Lev,FINISHED,3816.086,-2.613,12,-19274430.603
2024-01-11 22:34:45,56.8s,45988df5a4e0470fb9f768ee264a81a0,./data/coffee_prep_2.csv_CountVectorizer_2_9,LOCAL,modules\1_step - Choose vectorizer.py,Lev,FINISHED,3718.972,-2.548,9,-19214183.725
2024-01-11 22:33:47,58.4s,64c3569f663e44338749b4bb161da63a,./data/coffee_prep_2.csv_CountVectorizer_2_6,LOCAL,modules\1_step - Choose vectorizer.py,Lev,FINISHED,3638.558,-2.475,6,-19163093.864
2024-01-11 22:32:47,1.0min,e21e440da03f43108443337726e69974,./data/coffee_prep_2.csv_CountVectorizer_2_3,LOCAL,modules\1_step - Choose vectorizer.py,Lev,FINISHED,3458.479,-2.418,3,-19044463.71
2024-01-11 22:32:45,192ms,8586eefe9cf544e1a0aef270c117abe8,result_images,LOCAL,modules\1_step - Choose vectorizer.py,Lev,FINISHED,,,,
2024-01-11 22:31:49,55.6s,b516109e9cd94811b5c281dcae1a2ba6,./data/coffee_prep_2.csv_TfidfVectorizer_2_147,LOCAL,modules\1_step - Choose vectorizer.py,Lev,FINISHED,1.1098227642442113e+116,-12.431,147,-120064199.747
2024-01-11 22:30:55,54.6s,04121145d67c490bb62fc9bfc49834a9,./data/coffee_prep_2.csv_TfidfVectorizer_2_144,LOCAL,modules\1_step - Choose vectorizer.py,Lev,FINISHED,4.284529381492587e+124,-12.431,144,-128948227.039
2024-01-11 22:30:01,53.8s,c0a8fb65377c42338c6a723dd5276b12,./data/coffee_prep_2.csv_TfidfVectorizer_2_141,LOCAL,modules\1_step - Choose vectorizer.py,Lev,FINISHED,1.2150266275432301e+109,-12.468,141,-112862466.053
2024-01-11 22:29:08,52.9s,d8c25b43992d45d79bc480acfb81d9d4,./data/coffee_prep_2.csv_TfidfVectorizer_2_138,LOCAL,modules\1_step - Choose vectorizer.py,Lev,FINISHED,1.3089044022617388e+105,-12.511,138,-108757377.278
2024-01-11 22:28:16,51.9s,2b59aa0f4ab14296ad8e01455adde94c,./data/coffee_prep_2.csv_TfidfVectorizer_2_135,LOCAL,modules\1_step - Choose vectorizer.py,Lev,FINISHED,1.7607592819743623e+111,-12.459,135,-115098425.196
2024-01-11 22:27:25,51.1s,69517597504d4d3788c099f6283a2d75,./data/coffee_prep_2.csv_TfidfVectorizer_2_132,LOCAL,modules\1_step - Choose vectorizer.py,Lev,FINISHED,6.881004145588167e+99,-12.485,132,-103295286.929
2024-01-11 22:26:35,50.2s,9ccdf14d671c44d4a4079bed196b8ed8,./data/coffee_prep_2.csv_TfidfVectorizer_2_129,LOCAL,modules\1_step - Choose vectorizer.py,Lev,FINISHED,2.64403919284037e+76,-12.425,129,-79068967.924
2024-01-11 22:25:46,48.9s,c4a6572f9da34296856897f98b74ad14,./data/coffee_prep_2.csv_TfidfVectorizer_2_126,LOCAL,modules\1_step - Choose vectorizer.py,Lev,FINISHED,4.396706729266143e+87,-12.624,126,-90678434.812
2024-01-11 22:24:58,47.9s,7f1fa874c9a948ddaf996055f7e903d3,./data/coffee_prep_2.csv_TfidfVectorizer_2_123,LOCAL,modules\1_step - Choose vectorizer.py,Lev,FINISHED,7.17026742596671e+66,-12.445,123,-69170914.793
2024-01-11 22:24:11,47.2s,ead4a49dd0ba46ddbcaa8f76a6e3e76e,./data/coffee_prep_2.csv_TfidfVectorizer_2_120,LOCAL,modules\1_step - Choose vectorizer.py,Lev,FINISHED,2.1000839090979143e+61,-12.722,120,-63445983.696
2024-01-11 22:23:25,46.2s,88580d266b10490f8ead60de4cce7628,./data/coffee_prep_2.csv_TfidfVectorizer_2_117,LOCAL,modules\1_step - Choose vectorizer.py,Lev,FINISHED,1.135557947300548e+65,-12.809,117,-67308238.811
2024-01-11 22:22:39,45.6s,8a9175f6abbe4d57a51ed8ada465199d,./data/coffee_prep_2.csv_TfidfVectorizer_2_114,LOCAL,modules\1_step - Choose vectorizer.py,Lev,FINISHED,1.5523933277061122e+58,-12.572,114,-60206306.085
2024-01-11 22:21:54,45.0s,5a0a811744b94ef59f0558b64fc28b54,./data/coffee_prep_2.csv_TfidfVectorizer_2_111,LOCAL,modules\1_step - Choose vectorizer.py,Lev,FINISHED,1.911522508545077e+48,-12.583,111,-49953487.98
2024-01-11 22:21:09,45.2s,89851c56beda49b0a3dc3102cb816192,./data/coffee_prep_2.csv_TfidfVectorizer_2_108,LOCAL,modules\1_step - Choose vectorizer.py,Lev,FINISHED,5.09058529334704e+43,-12.732,108,-45220445.693
2024-01-11 22:20:24,44.7s,68835e90442a4a1ca04eb0e74232b345,./data/coffee_prep_2.csv_TfidfVectorizer_2_105,LOCAL,modules\1_step - Choose vectorizer.py,Lev,FINISHED,4.817361776548439e+39,-11.876,105,-41057127.188
2024-01-11 22:19:40,44.4s,70fde5ce76cd40399083f87a09f10c64,./data/coffee_prep_2.csv_TfidfVectorizer_2_102,LOCAL,modules\1_step - Choose vectorizer.py,Lev,FINISHED,1.4076785809351585e+36,-11.549,102,-37400419.314
2024-01-11 22:18:56,43.4s,fdf053b7c9474b7d84ceb6b6713d56e5,./data/coffee_prep_2.csv_TfidfVectorizer_2_99,LOCAL,modules\1_step - Choose vectorizer.py,Lev,FINISHED,2.3194526045074047e+33,-10.879,99,-34520914.767
2024-01-11 22:18:13,43.3s,adc064e053b440c0a09059662e67e56b,./data/coffee_prep_2.csv_TfidfVectorizer_2_96,LOCAL,modules\1_step - Choose vectorizer.py,Lev,FINISHED,1.1044430386866179e+29,-9.783,96,-30048982.204
2024-01-11 22:17:30,43.1s,3aa57a0ae96646a88d8ac698795a28a7,./data/coffee_prep_2.csv_TfidfVectorizer_2_93,LOCAL,modules\1_step - Choose vectorizer.py,Lev,FINISHED,1.858058401801901e+25,-9.706,93,-26144191.991
2024-01-11 22:16:47,42.7s,caac3c19c44849fdb882185e1002bdc7,./data/coffee_prep_2.csv_TfidfVectorizer_2_90,LOCAL,modules\1_step - Choose vectorizer.py,Lev,FINISHED,6.601776051223906e+21,-9.544,90,-22575331.858
2024-01-11 22:16:05,41.7s,1705576341b2404198f5bc84f346a60a,./data/coffee_prep_2.csv_TfidfVectorizer_2_87,LOCAL,modules\1_step - Choose vectorizer.py,Lev,FINISHED,4173152984692834000,-8.895,87,-19265338.96
2024-01-11 22:15:24,41.4s,7ede059be15644a889615cedf966a446,./data/coffee_prep_2.csv_TfidfVectorizer_2_84,LOCAL,modules\1_step - Choose vectorizer.py,Lev,FINISHED,44583075476010130,-9.05,84,-17225773.678
2024-01-11 22:14:43,40.5s,862e739c1fd44f36add05783ff278816,./data/coffee_prep_2.csv_TfidfVectorizer_2_81,LOCAL,modules\1_step - Choose vectorizer.py,Lev,FINISHED,218816536360300.06,-8.944,81,-14836714.061
2024-01-11 22:14:04,39.9s,e1758493fecf40a7b0966f71663ed26b,./data/coffee_prep_2.csv_TfidfVectorizer_2_78,LOCAL,modules\1_step - Choose vectorizer.py,Lev,FINISHED,13585985292844.559,-9.437,78,-13587923.923
2024-01-11 22:13:24,39.6s,e4e22930fa1948ac82ef5a9163e16159,./data/coffee_prep_2.csv_TfidfVectorizer_2_75,LOCAL,modules\1_step - Choose vectorizer.py,Lev,FINISHED,532225109560.596,-9.68,75,-12132200.254
2024-01-11 22:12:45,39.0s,682e6001f24c4e1a89b6b5d723bcc538,./data/coffee_prep_2.csv_TfidfVectorizer_2_72,LOCAL,modules\1_step - Choose vectorizer.py,Lev,FINISHED,46143729365.433,-9.193,72,-11033438.39
2024-01-11 22:12:06,38.9s,93bd271b24d8498ca4ff2e2be79bc98f,./data/coffee_prep_2.csv_TfidfVectorizer_2_69,LOCAL,modules\1_step - Choose vectorizer.py,Lev,FINISHED,5076256949.719,-9.19,69,-10041671.578
2024-01-11 22:11:28,38.4s,c1a11c8860fe4935ba19d9fe1af034fa,./data/coffee_prep_2.csv_TfidfVectorizer_2_66,LOCAL,modules\1_step - Choose vectorizer.py,Lev,FINISHED,690470789.021,-8.864,66,-9145267.686
2024-01-11 22:10:50,37.9s,da36674301de451b9dbc7d6cfd340116,./data/coffee_prep_2.csv_TfidfVectorizer_2_63,LOCAL,modules\1_step - Choose vectorizer.py,Lev,FINISHED,137033595.336,-8.72,63,-8418626.337
2024-01-11 22:10:12,37.4s,b9a8b4d2d0ab4791ab1ef48574ee69d9,./data/coffee_prep_2.csv_TfidfVectorizer_2_60,LOCAL,modules\1_step - Choose vectorizer.py,Lev,FINISHED,39709172.627,-8.077,60,-7862060.006
2024-01-11 22:09:35,37.3s,e363f6ebe0d74e6095a1f3a9278aa174,./data/coffee_prep_2.csv_TfidfVectorizer_2_57,LOCAL,modules\1_step - Choose vectorizer.py,Lev,FINISHED,11951737.188,-7.711,57,-7322540.706
2024-01-11 22:08:58,36.9s,a9494b2a8bfd45aeaa3db30b6da206b6,./data/coffee_prep_2.csv_TfidfVectorizer_2_54,LOCAL,modules\1_step - Choose vectorizer.py,Lev,FINISHED,4710744.745,-6.324,54,-6904195.857
2024-01-11 22:08:21,37.0s,39e8e1abf1ba4684b602db009a0393eb,./data/coffee_prep_2.csv_TfidfVectorizer_2_51,LOCAL,modules\1_step - Choose vectorizer.py,Lev,FINISHED,2300663.852,-6.107,51,-6582180.535
2024-01-11 22:07:44,37.0s,713e7127b9854985994214e6c5a02f84,./data/coffee_prep_2.csv_TfidfVectorizer_2_48,LOCAL,modules\1_step - Choose vectorizer.py,Lev,FINISHED,1248966.067,-4.623,48,-6307689.895
2024-01-11 22:07:08,36.5s,70d788dcf8494a48ba610d874662a90a,./data/coffee_prep_2.csv_TfidfVectorizer_2_45,LOCAL,modules\1_step - Choose vectorizer.py,Lev,FINISHED,716701.569,-3.748,45,-6058123.809
2024-01-11 22:06:31,36.3s,6e953f48700443a78690fc277c693e3b,./data/coffee_prep_2.csv_TfidfVectorizer_2_42,LOCAL,modules\1_step - Choose vectorizer.py,Lev,FINISHED,468100.535,-3.268,42,-5866717.591
2024-01-11 22:05:56,35.3s,8a6270d0a0484539ba32c1ed06d3483f,./data/coffee_prep_2.csv_TfidfVectorizer_2_39,LOCAL,modules\1_step - Choose vectorizer.py,Lev,FINISHED,330747.227,-3.014,39,-5710650.586
2024-01-11 22:05:21,34.9s,8bfa98a08cc64114bfd19c35dba56b5d,./data/coffee_prep_2.csv_TfidfVectorizer_2_36,LOCAL,modules\1_step - Choose vectorizer.py,Lev,FINISHED,247143.837,-2.833,36,-5579721.532
2024-01-11 22:04:47,34.6s,914d0ae642454f62b9b7d1cf8c2f17e3,./data/coffee_prep_2.csv_TfidfVectorizer_2_33,LOCAL,modules\1_step - Choose vectorizer.py,Lev,FINISHED,194102.983,-2.724,33,-5471170.388
2024-01-11 22:04:12,34.0s,77b714fc2c9e4e9da343c846c89920e4,./data/coffee_prep_2.csv_TfidfVectorizer_2_30,LOCAL,modules\1_step - Choose vectorizer.py,Lev,FINISHED,151302.412,-2.569,30,-5359237.258
2024-01-11 22:03:39,33.8s,399fa9aba4df4205a0d216687ac66291,./data/coffee_prep_2.csv_TfidfVectorizer_2_27,LOCAL,modules\1_step - Choose vectorizer.py,Lev,FINISHED,119539.721,-2.533,27,-5253359.568
2024-01-11 22:03:05,33.2s,8d58314b41d846199d6c6f40b76bf054,./data/coffee_prep_2.csv_TfidfVectorizer_2_24,LOCAL,modules\1_step - Choose vectorizer.py,Lev,FINISHED,92505.89,-2.557,24,-5138160.627
2024-01-11 22:02:32,33.0s,4133ce237e5f4a15802caac5f23fede7,./data/coffee_prep_2.csv_TfidfVectorizer_2_21,LOCAL,modules\1_step - Choose vectorizer.py,Lev,FINISHED,72377.21,-2.363,21,-5027902.37
2024-01-11 22:02:00,32.7s,a5d45f6ec8e94472b1f9ee12e8824812,./data/coffee_prep_2.csv_TfidfVectorizer_2_18,LOCAL,modules\1_step - Choose vectorizer.py,Lev,FINISHED,55406.063,-2.472,18,-4907838.906
2024-01-11 22:01:27,32.5s,639ecfce01374179b6bdd8e4089161d1,./data/coffee_prep_2.csv_TfidfVectorizer_2_15,LOCAL,modules\1_step - Choose vectorizer.py,Lev,FINISHED,42519.433,-2.444,15,-4788887.378
2024-01-11 22:00:55,32.1s,1742aa9c68df47f39997fd1dd3eed394,./data/coffee_prep_2.csv_TfidfVectorizer_2_12,LOCAL,modules\1_step - Choose vectorizer.py,Lev,FINISHED,32094.475,-2.516,12,-4662499.567
2024-01-11 22:00:23,32.4s,459b5a1eb2ad4232b070db975f876d63,./data/coffee_prep_2.csv_TfidfVectorizer_2_9,LOCAL,modules\1_step - Choose vectorizer.py,Lev,FINISHED,24008.8,-2.296,9,-4532073.963
2024-01-11 21:59:49,33.7s,c54e668955984c5599c646df2cc11e57,./data/coffee_prep_2.csv_TfidfVectorizer_2_6,LOCAL,modules\1_step - Choose vectorizer.py,Lev,FINISHED,16906.393,-2.352,6,-4374479.266
2024-01-11 21:59:10,38.9s,d51a5784c3ec4ffebe2f82c98c846380,./data/coffee_prep_2.csv_TfidfVectorizer_2_3,LOCAL,modules\1_step - Choose vectorizer.py,Lev,FINISHED,11208.254,-2.527,3,-4189783.889
